location_id,zone,aisle,rack,bin,capacity,status,allowed_category
A-01-01-01,A,1,1,1,20,ACTIVE,Accessories
A-01-01-02,A,1,1,2,30,ACTIVE,Home
A-01-02-01,A,1,2,1,60,ACTIVE,Fitness
A-01-02-02,A,1,2,2,20,ACTIVE,Stationery
A-01-03-01,A,1,3,1,30,ACTIVE,Electronics
A-01-03-02,A,1,3,2,60,ACTIVE,Fitness
A-01-04-01,A,1,4,1,30,ACTIVE,Accessories
A-01-04-02,A,1,4,2,20,ACTIVE,Beauty
A-01-05-01,A,1,5,1,50,ACTIVE,Beauty
A-01-05-02,A,1,5,2,30,INACTIVE,Kitchen
A-02-01-01,A,2,1,1,20,ACTIVE,Home
A-02-01-02,A,2,1,2,40,ACTIVE,Accessories
A-02-02-01,A,2,2,1,20,ACTIVE,Home
A-02-02-02,A,2,2,2,50,ACTIVE,Accessories
A-02-03-01,A,2,3,1,60,ACTIVE,Kitchen
A-02-03-02,A,2,3,2,60,ACTIVE,Home
A-02-04-01,A,2,4,1,20,ACTIVE,Accessories
A-02-04-02,A,2,4,2,20,ACTIVE,Home
A-02-05-01,A,2,5,1,50,ACTIVE,Kitchen
A-02-05-02,A,2,5,2,30,ACTIVE,Stationery
A-03-01-01,A,3,1,1,40,ACTIVE,Home
A-03-01-02,A,3,1,2,60,ACTIVE,Stationery
A-03-02-01,A,3,2,1,30,ACTIVE,Accessories
A-03-02-02,A,3,2,2,60,ACTIVE,Kitchen
A-03-03-01,A,3,3,1,20,ACTIVE,Electronics
A-03-03-02,A,3,3,2,40,ACTIVE,Home
A-03-04-01,A,3,4,1,30,ACTIVE,Kitchen
A-03-04-02,A,3,4,2,30,ACTIVE,Fitness
A-03-05-01,A,3,5,1,50,ACTIVE,Beauty
A-03-05-02,A,3,5,2,30,ACTIVE,Accessories
A-04-01-01,A,4,1,1,60,ACTIVE,Fitness
A-04-01-02,A,4,1,2,40,ACTIVE,Beauty
A-04-02-01,A,4,2,1,60,ACTIVE,Electronics
A-04-02-02,A,4,2,2,20,ACTIVE,Beauty
A-04-03-01,A,4,3,1,50,ACTIVE,Fitness
A-04-03-02,A,4,3,2,50,ACTIVE,Toys
A-04-04-01,A,4,4,1,60,ACTIVE,Electronics
A-04-04-02,A,4,4,2,20,ACTIVE,Accessories
A-04-05-01,A,4,5,1,40,ACTIVE,Fitness
A-04-05-02,A,4,5,2,30,ACTIVE,Accessories
A-05-01-01,A,5,1,1,60,ACTIVE,Home
A-05-01-02,A,5,1,2,40,ACTIVE,Stationery
A-05-02-01,A,5,2,1,30,ACTIVE,Beauty
A-05-02-02,A,5,2,2,60,INACTIVE,Electronics
A-05-03-01,A,5,3,1,60,ACTIVE,Electronics
A-05-03-02,A,5,3,2,20,ACTIVE,Accessories
A-05-04-01,A,5,4,1,30,ACTIVE,Home
A-05-04-02,A,5,4,2,20,ACTIVE,Home
A-05-05-01,A,5,5,1,60,ACTIVE,Beauty
A-05-05-02,A,5,5,2,50,INACTIVE,Beauty
A-06-01-01,A,6,1,1,40,ACTIVE,Fitness
A-06-01-02,A,6,1,2,30,ACTIVE,Stationery
A-06-02-01,A,6,2,1,40,ACTIVE,Kitchen
A-06-02-02,A,6,2,2,50,ACTIVE,Toys
A-06-03-01,A,6,3,1,20,ACTIVE,Home
A-06-03-02,A,6,3,2,40,ACTIVE,Stationery
A-06-04-01,A,6,4,1,60,ACTIVE,Home
A-06-04-02,A,6,4,2,20,ACTIVE,Electronics
A-06-05-01,A,6,5,1,40,ACTIVE,Stationery
A-06-05-02,A,6,5,2,40,ACTIVE,Stationery
A-07-01-01,A,7,1,1,60,ACTIVE,Toys
A-07-01-02,A,7,1,2,30,ACTIVE,Fitness
A-07-02-01,A,7,2,1,30,ACTIVE,Fitness
A-07-02-02,A,7,2,2,40,ACTIVE,Toys
A-07-03-01,A,7,3,1,20,ACTIVE,Home
A-07-03-02,A,7,3,2,20,ACTIVE,Kitchen
A-07-04-01,A,7,4,1,20,ACTIVE,Stationery
A-07-04-02,A,7,4,2,60,ACTIVE,Fitness
A-07-05-01,A,7,5,1,30,ACTIVE,Stationery
A-07-05-02,A,7,5,2,20,ACTIVE,Home
A-08-01-01,A,8,1,1,20,ACTIVE,Electronics
A-08-01-02,A,8,1,2,20,ACTIVE,Stationery
A-08-02-01,A,8,2,1,30,ACTIVE,Toys
A-08-02-02,A,8,2,2,30,ACTIVE,Electronics
A-08-03-01,A,8,3,1,30,ACTIVE,Fitness
A-08-03-02,A,8,3,2,40,ACTIVE,Toys
A-08-04-01,A,8,4,1,40,ACTIVE,Toys
A-08-04-02,A,8,4,2,30,ACTIVE,Stationery
A-08-05-01,A,8,5,1,20,ACTIVE,Electronics
A-08-05-02,A,8,5,2,40,ACTIVE,Toys
A-09-01-01,A,9,1,1,60,ACTIVE,Beauty
A-09-01-02,A,9,1,2,20,INACTIVE,Home
A-09-02-01,A,9,2,1,30,ACTIVE,Home
A-09-02-02,A,9,2,2,30,ACTIVE,Stationery
A-09-03-01,A,9,3,1,60,ACTIVE,Home
A-09-03-02,A,9,3,2,50,ACTIVE,Kitchen
A-09-04-01,A,9,4,1,40,ACTIVE,Kitchen
A-09-04-02,A,9,4,2,30,ACTIVE,Beauty
A-09-05-01,A,9,5,1,40,ACTIVE,Home
A-09-05-02,A,9,5,2,20,ACTIVE,Home
A-10-01-01,A,10,1,1,20,ACTIVE,Accessories
A-10-01-02,A,10,1,2,30,ACTIVE,Home
A-10-02-01,A,10,2,1,30,ACTIVE,Beauty
A-10-02-02,A,10,2,2,50,ACTIVE,Accessories
A-10-03-01,A,10,3,1,60,BLOCKED,Electronics
A-10-03-02,A,10,3,2,60,ACTIVE,Home
A-10-04-01,A,10,4,1,30,ACTIVE,Home
A-10-04-02,A,10,4,2,60,ACTIVE,Accessories
A-10-05-01,A,10,5,1,60,ACTIVE,Kitchen
A-10-05-02,A,10,5,2,30,ACTIVE,Accessories
B-01-01-01,B,1,1,1,60,ACTIVE,Electronics
B-01-01-02,B,1,1,2,20,ACTIVE,Accessories
B-01-02-01,B,1,2,1,20,ACTIVE,Beauty
B-01-02-02,B,1,2,2,40,ACTIVE,Toys
B-01-03-01,B,1,3,1,60,ACTIVE,Electronics
B-01-03-02,B,1,3,2,20,ACTIVE,Beauty
B-01-04-01,B,1,4,1,60,ACTIVE,Kitchen
B-01-04-02,B,1,4,2,60,ACTIVE,Fitness
B-01-05-01,B,1,5,1,30,ACTIVE,Kitchen
B-01-05-02,B,1,5,2,20,ACTIVE,Stationery
B-02-01-01,B,2,1,1,30,ACTIVE,Kitchen
B-02-01-02,B,2,1,2,60,ACTIVE,Fitness
B-02-02-01,B,2,2,1,60,ACTIVE,Stationery
B-02-02-02,B,2,2,2,30,INACTIVE,Beauty
B-02-03-01,B,2,3,1,50,ACTIVE,Kitchen
B-02-03-02,B,2,3,2,50,ACTIVE,Stationery
B-02-04-01,B,2,4,1,40,ACTIVE,Home
B-02-04-02,B,2,4,2,50,ACTIVE,Toys
B-02-05-01,B,2,5,1,30,ACTIVE,Toys
B-02-05-02,B,2,5,2,40,ACTIVE,Stationery
B-03-01-01,B,3,1,1,30,ACTIVE,Stationery
B-03-01-02,B,3,1,2,50,ACTIVE,Home
B-03-02-01,B,3,2,1,40,ACTIVE,Fitness
B-03-02-02,B,3,2,2,60,ACTIVE,Electronics
B-03-03-01,B,3,3,1,20,ACTIVE,Accessories
B-03-03-02,B,3,3,2,30,ACTIVE,Accessories
B-03-04-01,B,3,4,1,20,ACTIVE,Fitness
B-03-04-02,B,3,4,2,40,ACTIVE,Kitchen
B-03-05-01,B,3,5,1,50,ACTIVE,Home
B-03-05-02,B,3,5,2,50,ACTIVE,Stationery
B-04-01-01,B,4,1,1,40,ACTIVE,Fitness
B-04-01-02,B,4,1,2,20,ACTIVE,Stationery
B-04-02-01,B,4,2,1,40,ACTIVE,Kitchen
B-04-02-02,B,4,2,2,60,ACTIVE,Home
B-04-03-01,B,4,3,1,40,ACTIVE,Fitness
B-04-03-02,B,4,3,2,40,ACTIVE,Accessories
B-04-04-01,B,4,4,1,60,ACTIVE,Fitness
B-04-04-02,B,4,4,2,50,ACTIVE,Beauty
B-04-05-01,B,4,5,1,60,ACTIVE,Fitness
B-04-05-02,B,4,5,2,60,ACTIVE,Accessories
B-05-01-01,B,5,1,1,40,ACTIVE,Kitchen
B-05-01-02,B,5,1,2,50,ACTIVE,Stationery
B-05-02-01,B,5,2,1,60,ACTIVE,Beauty
B-05-02-02,B,5,2,2,20,ACTIVE,Kitchen
B-05-03-01,B,5,3,1,20,ACTIVE,Stationery
B-05-03-02,B,5,3,2,40,ACTIVE,Stationery
B-05-04-01,B,5,4,1,30,ACTIVE,Stationery
B-05-04-02,B,5,4,2,50,ACTIVE,Home
B-05-05-01,B,5,5,1,50,ACTIVE,Stationery
B-05-05-02,B,5,5,2,50,ACTIVE,Stationery
B-06-01-01,B,6,1,1,30,ACTIVE,Electronics
B-06-01-02,B,6,1,2,20,ACTIVE,Stationery
B-06-02-01,B,6,2,1,30,ACTIVE,Toys
B-06-02-02,B,6,2,2,20,ACTIVE,Home
B-06-03-01,B,6,3,1,50,ACTIVE,Toys
B-06-03-02,B,6,3,2,60,BLOCKED,Kitchen
B-06-04-01,B,6,4,1,50,ACTIVE,Fitness
B-06-04-02,B,6,4,2,60,ACTIVE,Beauty
B-06-05-01,B,6,5,1,50,ACTIVE,Stationery
B-06-05-02,B,6,5,2,40,ACTIVE,Toys
B-07-01-01,B,7,1,1,30,ACTIVE,Home
B-07-01-02,B,7,1,2,40,ACTIVE,Kitchen
B-07-02-01,B,7,2,1,40,ACTIVE,Home
B-07-02-02,B,7,2,2,30,ACTIVE,Fitness
B-07-03-01,B,7,3,1,30,ACTIVE,Home
B-07-03-02,B,7,3,2,50,ACTIVE,Toys
B-07-04-01,B,7,4,1,50,ACTIVE,Fitness
B-07-04-02,B,7,4,2,50,ACTIVE,Electronics
B-07-05-01,B,7,5,1,60,ACTIVE,Electronics
B-07-05-02,B,7,5,2,40,ACTIVE,Fitness
B-08-01-01,B,8,1,1,50,ACTIVE,Stationery
B-08-01-02,B,8,1,2,50,ACTIVE,Fitness
B-08-02-01,B,8,2,1,50,ACTIVE,Kitchen
B-08-02-02,B,8,2,2,50,ACTIVE,Toys
B-08-03-01,B,8,3,1,30,BLOCKED,Electronics
B-08-03-02,B,8,3,2,50,ACTIVE,Electronics
B-08-04-01,B,8,4,1,20,ACTIVE,Beauty
B-08-04-02,B,8,4,2,50,ACTIVE,Accessories
B-08-05-01,B,8,5,1,50,ACTIVE,Toys
B-08-05-02,B,8,5,2,40,ACTIVE,Fitness
B-09-01-01,B,9,1,1,40,ACTIVE,Fitness
B-09-01-02,B,9,1,2,40,ACTIVE,Toys
B-09-02-01,B,9,2,1,20,ACTIVE,Electronics
B-09-02-02,B,9,2,2,40,ACTIVE,Home
B-09-03-01,B,9,3,1,20,ACTIVE,Stationery
B-09-03-02,B,9,3,2,30,ACTIVE,Beauty
B-09-04-01,B,9,4,1,30,ACTIVE,Home
B-09-04-02,B,9,4,2,60,INACTIVE,Toys
B-09-05-01,B,9,5,1,40,ACTIVE,Beauty
B-09-05-02,B,9,5,2,60,ACTIVE,Home
B-10-01-01,B,10,1,1,30,INACTIVE,Home
B-10-01-02,B,10,1,2,60,ACTIVE,Accessories
B-10-02-01,B,10,2,1,60,ACTIVE,Fitness
B-10-02-02,B,10,2,2,50,INACTIVE,Stationery
B-10-03-01,B,10,3,1,20,ACTIVE,Stationery
B-10-03-02,B,10,3,2,20,ACTIVE,Accessories
B-10-04-01,B,10,4,1,60,ACTIVE,Electronics
B-10-04-02,B,10,4,2,40,ACTIVE,Kitchen
B-10-05-01,B,10,5,1,20,ACTIVE,Kitchen
B-10-05-02,B,10,5,2,20,ACTIVE,Toys
C-01-01-01,C,1,1,1,20,ACTIVE,Kitchen
C-01-01-02,C,1,1,2,50,ACTIVE,Fitness
C-01-02-01,C,1,2,1,30,ACTIVE,Accessories
C-01-02-02,C,1,2,2,60,ACTIVE,Toys
C-01-03-01,C,1,3,1,50,ACTIVE,Accessories
C-01-03-02,C,1,3,2,40,ACTIVE,Home
C-01-04-01,C,1,4,1,40,ACTIVE,Stationery
C-01-04-02,C,1,4,2,50,ACTIVE,Fitness
C-01-05-01,C,1,5,1,40,ACTIVE,Kitchen
C-01-05-02,C,1,5,2,30,ACTIVE,Kitchen
C-02-01-01,C,2,1,1,40,ACTIVE,Accessories
C-02-01-02,C,2,1,2,60,ACTIVE,Stationery
C-02-02-01,C,2,2,1,20,ACTIVE,Fitness
C-02-02-02,C,2,2,2,50,ACTIVE,Stationery
C-02-03-01,C,2,3,1,50,ACTIVE,Toys
C-02-03-02,C,2,3,2,50,ACTIVE,Home
C-02-04-01,C,2,4,1,40,ACTIVE,Stationery
C-02-04-02,C,2,4,2,40,ACTIVE,Kitchen
C-02-05-01,C,2,5,1,50,ACTIVE,Kitchen
C-02-05-02,C,2,5,2,50,BLOCKED,Kitchen
C-03-01-01,C,3,1,1,40,ACTIVE,Accessories
C-03-01-02,C,3,1,2,40,ACTIVE,Home
C-03-02-01,C,3,2,1,30,ACTIVE,Beauty
C-03-02-02,C,3,2,2,30,ACTIVE,Toys
C-03-03-01,C,3,3,1,40,ACTIVE,Accessories
C-03-03-02,C,3,3,2,20,ACTIVE,Accessories
C-03-04-01,C,3,4,1,30,ACTIVE,Accessories
C-03-04-02,C,3,4,2,20,ACTIVE,Beauty
C-03-05-01,C,3,5,1,40,ACTIVE,Electronics
C-03-05-02,C,3,5,2,60,ACTIVE,Beauty
C-04-01-01,C,4,1,1,50,ACTIVE,Electronics
C-04-01-02,C,4,1,2,60,ACTIVE,Toys
C-04-02-01,C,4,2,1,50,ACTIVE,Electronics
C-04-02-02,C,4,2,2,40,INACTIVE,Toys
C-04-03-01,C,4,3,1,20,ACTIVE,Fitness
C-04-03-02,C,4,3,2,50,ACTIVE,Electronics
C-04-04-01,C,4,4,1,30,ACTIVE,Accessories
C-04-04-02,C,4,4,2,20,BLOCKED,Home
C-04-05-01,C,4,5,1,60,ACTIVE,Stationery
C-04-05-02,C,4,5,2,60,ACTIVE,Toys
C-05-01-01,C,5,1,1,40,ACTIVE,Fitness
C-05-01-02,C,5,1,2,40,ACTIVE,Electronics
C-05-02-01,C,5,2,1,60,INACTIVE,Home
C-05-02-02,C,5,2,2,30,ACTIVE,Accessories
C-05-03-01,C,5,3,1,20,ACTIVE,Beauty
C-05-03-02,C,5,3,2,60,ACTIVE,Electronics
C-05-04-01,C,5,4,1,50,ACTIVE,Toys
C-05-04-02,C,5,4,2,40,ACTIVE,Accessories
C-05-05-01,C,5,5,1,40,ACTIVE,Toys
C-05-05-02,C,5,5,2,20,ACTIVE,Accessories
C-06-01-01,C,6,1,1,60,ACTIVE,Stationery
C-06-01-02,C,6,1,2,50,ACTIVE,Stationery
C-06-02-01,C,6,2,1,30,ACTIVE,Beauty
C-06-02-02,C,6,2,2,20,ACTIVE,Accessories
C-06-03-01,C,6,3,1,60,ACTIVE,Accessories
C-06-03-02,C,6,3,2,50,ACTIVE,Accessories
C-06-04-01,C,6,4,1,50,INACTIVE,Toys
C-06-04-02,C,6,4,2,50,ACTIVE,Electronics
C-06-05-01,C,6,5,1,50,ACTIVE,Accessories
C-06-05-02,C,6,5,2,20,ACTIVE,Electronics
C-07-01-01,C,7,1,1,40,ACTIVE,Beauty
C-07-01-02,C,7,1,2,50,ACTIVE,Toys
C-07-02-01,C,7,2,1,40,ACTIVE,Fitness
C-07-02-02,C,7,2,2,50,INACTIVE,Toys
C-07-03-01,C,7,3,1,40,ACTIVE,Kitchen
C-07-03-02,C,7,3,2,20,ACTIVE,Kitchen
C-07-04-01,C,7,4,1,50,ACTIVE,Accessories
C-07-04-02,C,7,4,2,50,ACTIVE,Electronics
C-07-05-01,C,7,5,1,50,ACTIVE,Accessories
C-07-05-02,C,7,5,2,40,ACTIVE,Fitness
C-08-01-01,C,8,1,1,60,ACTIVE,Electronics
C-08-01-02,C,8,1,2,60,ACTIVE,Electronics
C-08-02-01,C,8,2,1,30,ACTIVE,Toys
C-08-02-02,C,8,2,2,50,ACTIVE,Stationery
C-08-03-01,C,8,3,1,40,ACTIVE,Accessories
C-08-03-02,C,8,3,2,50,ACTIVE,Toys
C-08-04-01,C,8,4,1,20,ACTIVE,Stationery
C-08-04-02,C,8,4,2,30,ACTIVE,Electronics
C-08-05-01,C,8,5,1,60,ACTIVE,Stationery
C-08-05-02,C,8,5,2,20,ACTIVE,Home
C-09-01-01,C,9,1,1,30,ACTIVE,Accessories
C-09-01-02,C,9,1,2,60,ACTIVE,Fitness
C-09-02-01,C,9,2,1,50,BLOCKED,Stationery
C-09-02-02,C,9,2,2,50,ACTIVE,Fitness
C-09-03-01,C,9,3,1,30,ACTIVE,Beauty
C-09-03-02,C,9,3,2,20,ACTIVE,Fitness
C-09-04-01,C,9,4,1,40,ACTIVE,Accessories
C-09-04-02,C,9,4,2,20,ACTIVE,Accessories
C-09-05-01,C,9,5,1,60,ACTIVE,Toys
C-09-05-02,C,9,5,2,30,ACTIVE,Toys
C-10-01-01,C,10,1,1,40,ACTIVE,Fitness
C-10-01-02,C,10,1,2,50,ACTIVE,Stationery
C-10-02-01,C,10,2,1,30,ACTIVE,Stationery
C-10-02-02,C,10,2,2,50,ACTIVE,Toys
C-10-03-01,C,10,3,1,50,ACTIVE,Beauty
C-10-03-02,C,10,3,2,50,INACTIVE,Beauty
C-10-04-01,C,10,4,1,60,INACTIVE,Kitchen
C-10-04-02,C,10,4,2,20,ACTIVE,Toys
C-10-05-01,C,10,5,1,20,ACTIVE,Toys
C-10-05-02,C,10,5,2,20,ACTIVE,Fitness
D-01-01-01,D,1,1,1,30,ACTIVE,Accessories
D-01-01-02,D,1,1,2,40,ACTIVE,Fitness
D-01-02-01,D,1,2,1,20,ACTIVE,Fitness
D-01-02-02,D,1,2,2,40,ACTIVE,Toys
D-01-03-01,D,1,3,1,60,ACTIVE,Home
D-01-03-02,D,1,3,2,30,ACTIVE,Accessories
D-01-04-01,D,1,4,1,30,ACTIVE,Fitness
D-01-04-02,D,1,4,2,20,ACTIVE,Home
D-01-05-01,D,1,5,1,50,ACTIVE,Accessories
D-01-05-02,D,1,5,2,20,ACTIVE,Electronics
D-02-01-01,D,2,1,1,40,ACTIVE,Fitness
D-02-01-02,D,2,1,2,30,ACTIVE,Fitness
D-02-02-01,D,2,2,1,60,ACTIVE,Beauty
D-02-02-02,D,2,2,2,30,ACTIVE,Fitness
D-02-03-01,D,2,3,1,60,ACTIVE,Toys
D-02-03-02,D,2,3,2,60,ACTIVE,Toys
D-02-04-01,D,2,4,1,40,ACTIVE,Electronics
D-02-04-02,D,2,4,2,50,ACTIVE,Beauty
D-02-05-01,D,2,5,1,20,ACTIVE,Kitchen
D-02-05-02,D,2,5,2,60,ACTIVE,Fitness
D-03-01-01,D,3,1,1,40,ACTIVE,Accessories
D-03-01-02,D,3,1,2,30,BLOCKED,Toys
D-03-02-01,D,3,2,1,20,ACTIVE,Kitchen
D-03-02-02,D,3,2,2,60,ACTIVE,Accessories
D-03-03-01,D,3,3,1,20,INACTIVE,Fitness
D-03-03-02,D,3,3,2,40,ACTIVE,Electronics
D-03-04-01,D,3,4,1,60,ACTIVE,Accessories
D-03-04-02,D,3,4,2,30,ACTIVE,Kitchen
D-03-05-01,D,3,5,1,30,ACTIVE,Accessories
D-03-05-02,D,3,5,2,30,ACTIVE,Electronics
D-04-01-01,D,4,1,1,40,ACTIVE,Electronics
D-04-01-02,D,4,1,2,60,ACTIVE,Beauty
D-04-02-01,D,4,2,1,20,ACTIVE,Kitchen
D-04-02-02,D,4,2,2,50,ACTIVE,Beauty
D-04-03-01,D,4,3,1,60,ACTIVE,Kitchen
D-04-03-02,D,4,3,2,60,ACTIVE,Accessories
D-04-04-01,D,4,4,1,30,ACTIVE,Toys
D-04-04-02,D,4,4,2,40,ACTIVE,Kitchen
D-04-05-01,D,4,5,1,20,ACTIVE,Home
D-04-05-02,D,4,5,2,30,ACTIVE,Stationery
D-05-01-01,D,5,1,1,50,INACTIVE,Kitchen
D-05-01-02,D,5,1,2,20,ACTIVE,Electronics
D-05-02-01,D,5,2,1,40,ACTIVE,Toys
D-05-02-02,D,5,2,2,40,ACTIVE,Accessories
D-05-03-01,D,5,3,1,60,ACTIVE,Kitchen
D-05-03-02,D,5,3,2,20,ACTIVE,Toys
D-05-04-01,D,5,4,1,20,ACTIVE,Kitchen
D-05-04-02,D,5,4,2,60,ACTIVE,Home
D-05-05-01,D,5,5,1,50,ACTIVE,Accessories
D-05-05-02,D,5,5,2,50,ACTIVE,Electronics
D-06-01-01,D,6,1,1,20,ACTIVE,Toys
D-06-01-02,D,6,1,2,20,ACTIVE,Beauty
D-06-02-01,D,6,2,1,50,ACTIVE,Fitness
D-06-02-02,D,6,2,2,60,ACTIVE,Beauty
D-06-03-01,D,6,3,1,50,ACTIVE,Toys
D-06-03-02,D,6,3,2,60,ACTIVE,Accessories
D-06-04-01,D,6,4,1,20,ACTIVE,Stationery
D-06-04-02,D,6,4,2,50,ACTIVE,Stationery
D-06-05-01,D,6,5,1,40,ACTIVE,Kitchen
D-06-05-02,D,6,5,2,60,ACTIVE,Kitchen
D-07-01-01,D,7,1,1,20,ACTIVE,Stationery
D-07-01-02,D,7,1,2,20,INACTIVE,Toys
D-07-02-01,D,7,2,1,20,ACTIVE,Electronics
D-07-02-02,D,7,2,2,20,ACTIVE,Stationery
D-07-03-01,D,7,3,1,30,ACTIVE,Stationery
D-07-03-02,D,7,3,2,20,ACTIVE,Stationery
D-07-04-01,D,7,4,1,60,ACTIVE,Stationery
D-07-04-02,D,7,4,2,40,ACTIVE,Electronics
D-07-05-01,D,7,5,1,40,ACTIVE,Beauty
D-07-05-02,D,7,5,2,30,ACTIVE,Beauty
D-08-01-01,D,8,1,1,20,ACTIVE,Electronics
D-08-01-02,D,8,1,2,30,ACTIVE,Stationery
D-08-02-01,D,8,2,1,60,ACTIVE,Beauty
D-08-02-02,D,8,2,2,40,ACTIVE,Fitness
D-08-03-01,D,8,3,1,60,ACTIVE,Home
D-08-03-02,D,8,3,2,50,ACTIVE,Kitchen
D-08-04-01,D,8,4,1,60,ACTIVE,Toys
D-08-04-02,D,8,4,2,60,ACTIVE,Electronics
D-08-05-01,D,8,5,1,60,ACTIVE,Electronics
D-08-05-02,D,8,5,2,20,BLOCKED,Fitness
D-09-01-01,D,9,1,1,50,ACTIVE,Toys
D-09-01-02,D,9,1,2,50,ACTIVE,Home
D-09-02-01,D,9,2,1,40,ACTIVE,Home
D-09-02-02,D,9,2,2,30,ACTIVE,Kitchen
D-09-03-01,D,9,3,1,50,BLOCKED,Accessories
D-09-03-02,D,9,3,2,50,ACTIVE,Fitness
D-09-04-01,D,9,4,1,20,ACTIVE,Home
D-09-04-02,D,9,4,2,60,ACTIVE,Stationery
D-09-05-01,D,9,5,1,50,ACTIVE,Stationery
D-09-05-02,D,9,5,2,50,ACTIVE,Toys
D-10-01-01,D,10,1,1,50,ACTIVE,Home
D-10-01-02,D,10,1,2,40,ACTIVE,Accessories
D-10-02-01,D,10,2,1,40,INACTIVE,Toys
D-10-02-02,D,10,2,2,20,ACTIVE,Home
D-10-03-01,D,10,3,1,20,ACTIVE,Kitchen
D-10-03-02,D,10,3,2,30,ACTIVE,Kitchen
D-10-04-01,D,10,4,1,20,ACTIVE,Fitness
D-10-04-02,D,10,4,2,20,INACTIVE,Accessories
D-10-05-01,D,10,5,1,40,ACTIVE,Stationery
D-10-05-02,D,10,5,2,30,ACTIVE,Stationery
E-01-01-01,E,1,1,1,20,ACTIVE,Kitchen
E-01-01-02,E,1,1,2,20,ACTIVE,Stationery
E-01-02-01,E,1,2,1,50,ACTIVE,Electronics
E-01-02-02,E,1,2,2,60,ACTIVE,Accessories
E-01-03-01,E,1,3,1,20,ACTIVE,Accessories
E-01-03-02,E,1,3,2,40,ACTIVE,Beauty
E-01-04-01,E,1,4,1,30,ACTIVE,Fitness
E-01-04-02,E,1,4,2,20,ACTIVE,Electronics
E-01-05-01,E,1,5,1,20,ACTIVE,Stationery
E-01-05-02,E,1,5,2,50,ACTIVE,Kitchen
E-02-01-01,E,2,1,1,30,ACTIVE,Kitchen
E-02-01-02,E,2,1,2,60,ACTIVE,Electronics
E-02-02-01,E,2,2,1,30,ACTIVE,Electronics
E-02-02-02,E,2,2,2,20,ACTIVE,Fitness
E-02-03-01,E,2,3,1,50,ACTIVE,Fitness
E-02-03-02,E,2,3,2,40,ACTIVE,Home
E-02-04-01,E,2,4,1,40,ACTIVE,Accessories
E-02-04-02,E,2,4,2,60,ACTIVE,Accessories
E-02-05-01,E,2,5,1,20,ACTIVE,Electronics
E-02-05-02,E,2,5,2,20,ACTIVE,Stationery
E-03-01-01,E,3,1,1,30,ACTIVE,Accessories
E-03-01-02,E,3,1,2,40,ACTIVE,Toys
E-03-02-01,E,3,2,1,50,ACTIVE,Fitness
E-03-02-02,E,3,2,2,60,ACTIVE,Kitchen
E-03-03-01,E,3,3,1,20,ACTIVE,Electronics
E-03-03-02,E,3,3,2,50,ACTIVE,Home
E-03-04-01,E,3,4,1,40,ACTIVE,Fitness
E-03-04-02,E,3,4,2,50,ACTIVE,Fitness
E-03-05-01,E,3,5,1,20,INACTIVE,Beauty
E-03-05-02,E,3,5,2,60,ACTIVE,Kitchen
E-04-01-01,E,4,1,1,20,ACTIVE,Home
E-04-01-02,E,4,1,2,30,ACTIVE,Fitness
E-04-02-01,E,4,2,1,60,ACTIVE,Accessories
E-04-02-02,E,4,2,2,40,ACTIVE,Beauty
E-04-03-01,E,4,3,1,20,ACTIVE,Home
E-04-03-02,E,4,3,2,60,ACTIVE,Kitchen
E-04-04-01,E,4,4,1,40,ACTIVE,Beauty
E-04-04-02,E,4,4,2,30,ACTIVE,Accessories
E-04-05-01,E,4,5,1,30,ACTIVE,Beauty
E-04-05-02,E,4,5,2,20,ACTIVE,Toys
E-05-01-01,E,5,1,1,50,ACTIVE,Toys
E-05-01-02,E,5,1,2,60,ACTIVE,Kitchen
E-05-02-01,E,5,2,1,40,ACTIVE,Home
E-05-02-02,E,5,2,2,50,ACTIVE,Accessories
E-05-03-01,E,5,3,1,40,ACTIVE,Kitchen
E-05-03-02,E,5,3,2,60,ACTIVE,Toys
E-05-04-01,E,5,4,1,50,ACTIVE,Kitchen
E-05-04-02,E,5,4,2,40,ACTIVE,Home
E-05-05-01,E,5,5,1,60,ACTIVE,Fitness
E-05-05-02,E,5,5,2,50,ACTIVE,Electronics
E-06-01-01,E,6,1,1,50,ACTIVE,Stationery
E-06-01-02,E,6,1,2,40,ACTIVE,Beauty
E-06-02-01,E,6,2,1,20,ACTIVE,Kitchen
E-06-02-02,E,6,2,2,20,ACTIVE,Beauty
E-06-03-01,E,6,3,1,20,ACTIVE,Toys
E-06-03-02,E,6,3,2,50,ACTIVE,Beauty
E-06-04-01,E,6,4,1,40,ACTIVE,Accessories
E-06-04-02,E,6,4,2,50,ACTIVE,Kitchen
E-06-05-01,E,6,5,1,60,ACTIVE,Kitchen
E-06-05-02,E,6,5,2,20,ACTIVE,Fitness
E-07-01-01,E,7,1,1,40,ACTIVE,Beauty
E-07-01-02,E,7,1,2,40,ACTIVE,Beauty
E-07-02-01,E,7,2,1,40,ACTIVE,Fitness
E-07-02-02,E,7,2,2,30,ACTIVE,Home
E-07-03-01,E,7,3,1,40,ACTIVE,Kitchen
E-07-03-02,E,7,3,2,30,ACTIVE,Home
E-07-04-01,E,7,4,1,50,ACTIVE,Electronics
E-07-04-02,E,7,4,2,40,ACTIVE,Stationery
E-07-05-01,E,7,5,1,40,INACTIVE,Toys
E-07-05-02,E,7,5,2,30,ACTIVE,Beauty
E-08-01-01,E,8,1,1,30,ACTIVE,Home
E-08-01-02,E,8,1,2,60,ACTIVE,Electronics
E-08-02-01,E,8,2,1,40,ACTIVE,Beauty
E-08-02-02,E,8,2,2,60,ACTIVE,Beauty
E-08-03-01,E,8,3,1,30,ACTIVE,Beauty
E-08-03-02,E,8,3,2,50,ACTIVE,Kitchen
E-08-04-01,E,8,4,1,30,INACTIVE,Accessories
E-08-04-02,E,8,4,2,50,ACTIVE,Stationery
E-08-05-01,E,8,5,1,40,INACTIVE,Toys
E-08-05-02,E,8,5,2,30,ACTIVE,Toys
E-09-01-01,E,9,1,1,50,ACTIVE,Fitness
E-09-01-02,E,9,1,2,60,ACTIVE,Beauty
E-09-02-01,E,9,2,1,30,ACTIVE,Beauty
E-09-02-02,E,9,2,2,40,ACTIVE,Toys
E-09-03-01,E,9,3,1,40,ACTIVE,Home
E-09-03-02,E,9,3,2,60,ACTIVE,Accessories
E-09-04-01,E,9,4,1,20,ACTIVE,Accessories
E-09-04-02,E,9,4,2,50,ACTIVE,Beauty
E-09-05-01,E,9,5,1,50,ACTIVE,Stationery
E-09-05-02,E,9,5,2,50,ACTIVE,Electronics
E-10-01-01,E,10,1,1,50,ACTIVE,Kitchen
E-10-01-02,E,10,1,2,30,ACTIVE,Home
E-10-02-01,E,10,2,1,40,ACTIVE,Kitchen
E-10-02-02,E,10,2,2,20,ACTIVE,Kitchen
E-10-03-01,E,10,3,1,30,ACTIVE,Accessories
E-10-03-02,E,10,3,2,50,ACTIVE,Beauty
E-10-04-01,E,10,4,1,50,ACTIVE,Electronics
E-10-04-02,E,10,4,2,20,ACTIVE,Stationery
E-10-05-01,E,10,5,1,30,ACTIVE,Fitness
E-10-05-02,E,10,5,2,20,ACTIVE,Stationery
F-01-01-01,F,1,1,1,40,ACTIVE,Stationery
F-01-01-02,F,1,1,2,50,ACTIVE,Toys
F-01-02-01,F,1,2,1,20,ACTIVE,Toys
F-01-02-02,F,1,2,2,60,ACTIVE,Stationery
F-01-03-01,F,1,3,1,30,ACTIVE,Electronics
F-01-03-02,F,1,3,2,60,ACTIVE,Fitness
F-01-04-01,F,1,4,1,30,ACTIVE,Home
F-01-04-02,F,1,4,2,60,INACTIVE,Home
F-01-05-01,F,1,5,1,60,ACTIVE,Electronics
F-01-05-02,F,1,5,2,50,ACTIVE,Electronics
F-02-01-01,F,2,1,1,50,BLOCKED,Accessories
F-02-01-02,F,2,1,2,20,ACTIVE,Home
F-02-02-01,F,2,2,1,40,ACTIVE,Home
F-02-02-02,F,2,2,2,60,ACTIVE,Kitchen
F-02-03-01,F,2,3,1,30,ACTIVE,Kitchen
F-02-03-02,F,2,3,2,30,ACTIVE,Toys
F-02-04-01,F,2,4,1,50,ACTIVE,Beauty
F-02-04-02,F,2,4,2,20,ACTIVE,Toys
F-02-05-01,F,2,5,1,20,ACTIVE,Electronics
F-02-05-02,F,2,5,2,30,ACTIVE,Kitchen
F-03-01-01,F,3,1,1,40,ACTIVE,Toys
F-03-01-02,F,3,1,2,40,ACTIVE,Stationery
F-03-02-01,F,3,2,1,40,ACTIVE,Electronics
F-03-02-02,F,3,2,2,40,ACTIVE,Kitchen
F-03-03-01,F,3,3,1,50,ACTIVE,Toys
F-03-03-02,F,3,3,2,50,ACTIVE,Beauty
F-03-04-01,F,3,4,1,50,ACTIVE,Kitchen
F-03-04-02,F,3,4,2,60,ACTIVE,Home
F-03-05-01,F,3,5,1,50,ACTIVE,Beauty
F-03-05-02,F,3,5,2,60,ACTIVE,Home
F-04-01-01,F,4,1,1,20,ACTIVE,Accessories
F-04-01-02,F,4,1,2,40,ACTIVE,Fitness
F-04-02-01,F,4,2,1,30,ACTIVE,Kitchen
F-04-02-02,F,4,2,2,50,ACTIVE,Kitchen
F-04-03-01,F,4,3,1,60,BLOCKED,Accessories
F-04-03-02,F,4,3,2,20,ACTIVE,Fitness
F-04-04-01,F,4,4,1,40,ACTIVE,Beauty
F-04-04-02,F,4,4,2,20,ACTIVE,Toys
F-04-05-01,F,4,5,1,20,ACTIVE,Stationery
F-04-05-02,F,4,5,2,40,ACTIVE,Electronics
F-05-01-01,F,5,1,1,60,ACTIVE,Toys
F-05-01-02,F,5,1,2,40,ACTIVE,Home
F-05-02-01,F,5,2,1,60,ACTIVE,Kitchen
F-05-02-02,F,5,2,2,50,ACTIVE,Accessories
F-05-03-01,F,5,3,1,30,INACTIVE,Electronics
F-05-03-02,F,5,3,2,30,ACTIVE,Fitness
F-05-04-01,F,5,4,1,60,ACTIVE,Accessories
F-05-04-02,F,5,4,2,50,ACTIVE,Accessories
F-05-05-01,F,5,5,1,50,ACTIVE,Beauty
F-05-05-02,F,5,5,2,20,ACTIVE,Toys
F-06-01-01,F,6,1,1,20,ACTIVE,Kitchen
F-06-01-02,F,6,1,2,40,ACTIVE,Accessories
F-06-02-01,F,6,2,1,40,ACTIVE,Beauty
F-06-02-02,F,6,2,2,40,ACTIVE,Home
F-06-03-01,F,6,3,1,30,ACTIVE,Stationery
F-06-03-02,F,6,3,2,50,ACTIVE,Kitchen
F-06-04-01,F,6,4,1,50,ACTIVE,Beauty
F-06-04-02,F,6,4,2,60,ACTIVE,Home
F-06-05-01,F,6,5,1,40,ACTIVE,Toys
F-06-05-02,F,6,5,2,60,ACTIVE,Fitness
F-07-01-01,F,7,1,1,60,ACTIVE,Kitchen
F-07-01-02,F,7,1,2,20,ACTIVE,Kitchen
F-07-02-01,F,7,2,1,30,ACTIVE,Beauty
F-07-02-02,F,7,2,2,30,ACTIVE,Electronics
F-07-03-01,F,7,3,1,20,ACTIVE,Accessories
F-07-03-02,F,7,3,2,30,ACTIVE,Stationery
F-07-04-01,F,7,4,1,40,INACTIVE,Accessories
F-07-04-02,F,7,4,2,20,ACTIVE,Accessories
F-07-05-01,F,7,5,1,30,ACTIVE,Home
F-07-05-02,F,7,5,2,60,ACTIVE,Beauty
F-08-01-01,F,8,1,1,30,ACTIVE,Kitchen
F-08-01-02,F,8,1,2,60,ACTIVE,Electronics
F-08-02-01,F,8,2,1,20,ACTIVE,Accessories
F-08-02-02,F,8,2,2,30,ACTIVE,Fitness
F-08-03-01,F,8,3,1,60,ACTIVE,Toys
F-08-03-02,F,8,3,2,60,ACTIVE,Accessories
F-08-04-01,F,8,4,1,50,ACTIVE,Fitness
F-08-04-02,F,8,4,2,40,ACTIVE,Electronics
F-08-05-01,F,8,5,1,30,ACTIVE,Toys
F-08-05-02,F,8,5,2,50,ACTIVE,Beauty
F-09-01-01,F,9,1,1,40,ACTIVE,Kitchen
F-09-01-02,F,9,1,2,40,INACTIVE,Beauty
F-09-02-01,F,9,2,1,40,ACTIVE,Home
F-09-02-02,F,9,2,2,40,ACTIVE,Home
F-09-03-01,F,9,3,1,40,ACTIVE,Beauty
F-09-03-02,F,9,3,2,20,ACTIVE,Fitness
F-09-04-01,F,9,4,1,60,ACTIVE,Beauty
F-09-04-02,F,9,4,2,40,ACTIVE,Kitchen
F-09-05-01,F,9,5,1,30,ACTIVE,Toys
F-09-05-02,F,9,5,2,60,ACTIVE,Accessories
F-10-01-01,F,10,1,1,50,ACTIVE,Fitness
F-10-01-02,F,10,1,2,60,ACTIVE,Stationery
F-10-02-01,F,10,2,1,30,ACTIVE,Electronics
F-10-02-02,F,10,2,2,20,ACTIVE,Toys
F-10-03-01,F,10,3,1,40,ACTIVE,Home
F-10-03-02,F,10,3,2,50,ACTIVE,Accessories
F-10-04-01,F,10,4,1,40,ACTIVE,Kitchen
F-10-04-02,F,10,4,2,20,ACTIVE,Stationery
F-10-05-01,F,10,5,1,40,ACTIVE,Home
F-10-05-02,F,10,5,2,50,ACTIVE,Accessories
